root	path	shape	occurrences	leaf_occurrences	branch_occurrences	max_per_instance
aircraft	aircraft	branch	59	0	59	1
aircraft	aircraft/armament	branch	59	0	59	1
aircraft	aircraft/armament/ammo	branch	141	0	141	4
aircraft	aircraft/armament/ammo/flavour	leaf	24	24	0	1
aircraft	aircraft/armament/ammo/for	leaf	141	141	0	1
aircraft	aircraft/armament/ammo/rounds	leaf	141	141	0	1
aircraft	aircraft/armament/weapon	branch	504	0	504	20
aircraft	aircraft/armament/weapon/offsetX	leaf	297	297	0	1
aircraft	aircraft/armament/weapon/offsetY	leaf	241	241	0	1
aircraft	aircraft/armament/weapon/type	leaf	504	504	0	1
aircraft	aircraft/availability	branch	59	0	59	1
aircraft	aircraft/availability/data	branch	119	0	119	3
aircraft	aircraft/availability/data/month	leaf	119	119	0	1
aircraft	aircraft/availability/data/number	leaf	119	119	0	1
aircraft	aircraft/availability/data/year	leaf	119	119	0	1
aircraft	aircraft/description	branch	59	0	59	1
aircraft	aircraft/description/comment	leaf	59	59	0	1
aircraft	aircraft/description/image	leaf	59	59	0	1
aircraft	aircraft/description/long_name	leaf	59	59	0	1
aircraft	aircraft/description/nationality	leaf	59	59	0	1
aircraft	aircraft/description/short_name	leaf	59	59	0	1
aircraft	aircraft/description/sound	leaf	59	59	0	1
aircraft	aircraft/description/speed	leaf	59	59	0	1
aircraft	aircraft/description/type	leaf	59	59	0	1
squad	squad	branch	1017	0	1017	1
squad	squad/atgun	branch	111	0	111	1
squad	squad/atgun/AA	leaf	14	14	0	1
squad	squad/atgun/ammo	branch	284	0	284	5
squad	squad/atgun/ammo/flavour	leaf	284	284	0	1
squad	squad/atgun/ammo/for	leaf	284	284	0	1
squad	squad/atgun/ammo/rounds	leaf	284	284	0	1
squad	squad/atgun/image_profile	leaf	111	111	0	1
squad	squad/atgun/image_view_base	leaf	111	111	0	1
squad	squad/atgun/image_view_gun	leaf	111	111	0	1
squad	squad/atgun/mass	leaf	111	111	0	1
squad	squad/atgun/moveable	leaf	11	11	0	1
squad	squad/atgun/rotate_left	leaf	91	91	0	1
squad	squad/atgun/rotate_right	leaf	91	91	0	1
squad	squad/atgun/trail_length	leaf	111	111	0	1
squad	squad/atgun/weapon	branch	111	0	111	1
squad	squad/atgun/weapon/type	leaf	111	111	0	1
squad	squad/availability	branch	1017	0	1017	1
squad	squad/availability/data	branch	2726	0	2726	14
squad	squad/availability/data/month	leaf	2726	2726	0	1
squad	squad/availability/data/number	leaf	2726	2726	0	1
squad	squad/availability/data/year	leaf	2726	2726	0	1
squad	squad/description	branch	1017	0	1017	1
squad	squad/description/comment	leaf	1017	1017	0	1
squad	squad/description/language	leaf	2	2	0	1
squad	squad/description/long_name	leaf	1017	1017	0	1
squad	squad/description/nationality	leaf	1017	1017	0	1
squad	squad/description/quality	leaf	418	418	0	1
squad	squad/description/short_name	leaf	1017	1017	0	1
squad	squad/description/type	leaf	1017	1017	0	1
squad	squad/description/uniform	leaf	1017	1017	0	1
squad	squad/description/uniform_ranks	leaf	28	28	0	1
squad	squad/hmg	branch	38	0	38	1
squad	squad/hmg/ammo	branch	38	0	38	1
squad	squad/hmg/ammo/for	leaf	38	38	0	1
squad	squad/hmg/ammo/rounds	leaf	38	38	0	1
squad	squad/hmg/image_profile	leaf	38	38	0	1
squad	squad/hmg/image_view_base	leaf	38	38	0	1
squad	squad/hmg/image_view_gun	leaf	38	38	0	1
squad	squad/hmg/rotate_left	leaf	38	38	0	1
squad	squad/hmg/rotate_right	leaf	38	38	0	1
squad	squad/hmg/weapon	branch	38	0	38	1
squad	squad/hmg/weapon/type	leaf	38	38	0	1
squad	squad/man	branch	2713	0	2713	13
squad	squad/man/ammo	branch	5439	0	5439	7
squad	squad/man/ammo/flavour	leaf	8	8	0	1
squad	squad/man/ammo/for	leaf	5439	5439	0	1
squad	squad/man/ammo/rounds	leaf	5439	5439	0	1
squad	squad/man/body_armour	leaf	32	32	0	1
squad	squad/man/job	leaf	763	763	0	1
squad	squad/man/weapon	branch	4659	0	4659	5
squad	squad/man/weapon/type	leaf	4659	4659	0	1
squad	squad/mortar	branch	42	0	42	1
squad	squad/mortar/ammo	branch	80	0	80	2
squad	squad/mortar/ammo/flavour	leaf	80	80	0	1
squad	squad/mortar/ammo/for	leaf	80	80	0	1
squad	squad/mortar/ammo/rounds	leaf	80	80	0	1
squad	squad/mortar/image_profile	leaf	42	42	0	1
squad	squad/mortar/image_view_base	leaf	42	42	0	1
squad	squad/mortar/rotate_left	leaf	42	42	0	1
squad	squad/mortar/rotate_right	leaf	42	42	0	1
squad	squad/mortar/weapon	branch	42	0	42	1
squad	squad/mortar/weapon/type	leaf	42	42	0	1
squad	squad/recoilless_rifle	branch	1	0	1	1
squad	squad/recoilless_rifle/ammo	branch	3	0	3	3
squad	squad/recoilless_rifle/ammo/flavour	leaf	3	3	0	1
squad	squad/recoilless_rifle/ammo/for	leaf	3	3	0	1
squad	squad/recoilless_rifle/ammo/rounds	leaf	3	3	0	1
squad	squad/recoilless_rifle/image_profile	leaf	1	1	0	1
squad	squad/recoilless_rifle/image_view_base	leaf	1	1	0	1
squad	squad/recoilless_rifle/image_view_gun	leaf	1	1	0	1
squad	squad/recoilless_rifle/rotate_left	leaf	1	1	0	1
squad	squad/recoilless_rifle/rotate_right	leaf	1	1	0	1
squad	squad/recoilless_rifle/weapon	branch	1	0	1	1
squad	squad/recoilless_rifle/weapon/type	leaf	1	1	0	1
squad	squad/vehicle	branch	599	0	599	1
squad	squad/vehicle/attributes	branch	599	0	599	1
squad	squad/vehicle/attributes/can_mount_infantry	leaf	27	27	0	1
squad	squad/vehicle/attributes/image_profile	leaf	599	599	0	1
squad	squad/vehicle/attributes/is_amphibious	leaf	14	14	0	1
squad	squad/vehicle/attributes/weight	leaf	599	599	0	1
squad	squad/vehicle/drive	branch	599	0	599	1
squad	squad/vehicle/drive/can_make_smoke_screen	leaf	10	10	0	1
squad	squad/vehicle/drive/engine	branch	599	0	599	1
squad	squad/vehicle/drive/engine/horsepower	leaf	599	599	0	1
squad	squad/vehicle/drive/engine/mount	leaf	103	103	0	1
squad	squad/vehicle/drive/engine/name	leaf	599	599	0	1
squad	squad/vehicle/drive/engine/reliability	leaf	599	599	0	1
squad	squad/vehicle/drive/engine/rpm_idle	leaf	599	599	0	1
squad	squad/vehicle/drive/engine/rpm_limit	leaf	599	599	0	1
squad	squad/vehicle/drive/exhaust_pipe	branch	928	0	928	2
squad	squad/vehicle/drive/exhaust_pipe/angle	leaf	152	152	0	1
squad	squad/vehicle/drive/exhaust_pipe/offsetX	leaf	928	928	0	1
squad	squad/vehicle/drive/exhaust_pipe/offsetY	leaf	928	928	0	1
squad	squad/vehicle/drive/exhaust_pipe/vertical_angle	leaf	56	56	0	1
squad	squad/vehicle/drive/gears	branch	599	0	599	1
squad	squad/vehicle/drive/gears/forwards	leaf	599	599	0	1
squad	squad/vehicle/drive/gears/reverse	leaf	599	599	0	1
squad	squad/vehicle/drive/steering	leaf	599	599	0	1
squad	squad/vehicle/fixed_weapon	branch	480	0	480	5
squad	squad/vehicle/fixed_weapon/AA	leaf	11	11	0	1
squad	squad/vehicle/fixed_weapon/ammo	branch	649	0	649	5
squad	squad/vehicle/fixed_weapon/ammo/flavour	leaf	274	274	0	1
squad	squad/vehicle/fixed_weapon/ammo/for	leaf	649	649	0	1
squad	squad/vehicle/fixed_weapon/ammo/rounds	leaf	649	649	0	1
squad	squad/vehicle/fixed_weapon/image_view	leaf	206	206	0	1
squad	squad/vehicle/fixed_weapon/man	branch	559	0	559	5
squad	squad/vehicle/fixed_weapon/man/ammo	branch	558	0	558	1
squad	squad/vehicle/fixed_weapon/man/ammo/for	leaf	558	558	0	1
squad	squad/vehicle/fixed_weapon/man/ammo/rounds	leaf	558	558	0	1
squad	squad/vehicle/fixed_weapon/man/job	leaf	559	559	0	1
squad	squad/vehicle/fixed_weapon/man/weapon	branch	558	0	558	1
squad	squad/vehicle/fixed_weapon/man/weapon/type	leaf	558	558	0	1
squad	squad/vehicle/fixed_weapon/offsetX	leaf	480	480	0	1
squad	squad/vehicle/fixed_weapon/offsetY	leaf	480	480	0	1
squad	squad/vehicle/fixed_weapon/offsetZ	leaf	480	480	0	1
squad	squad/vehicle/fixed_weapon/offset_angle	leaf	36	36	0	1
squad	squad/vehicle/fixed_weapon/rotate_left	leaf	480	480	0	1
squad	squad/vehicle/fixed_weapon/rotate_right	leaf	480	480	0	1
squad	squad/vehicle/fixed_weapon/rotate_time	leaf	480	480	0	1
squad	squad/vehicle/fixed_weapon/weapon	branch	484	0	484	2
squad	squad/vehicle/fixed_weapon/weapon/mount	leaf	244	244	0	1
squad	squad/vehicle/fixed_weapon/weapon/type	leaf	484	484	0	1
squad	squad/vehicle/hull	branch	599	0	599	1
squad	squad/vehicle/hull/armour	branch	599	0	599	1
squad	squad/vehicle/hull/armour/bottom	leaf	599	599	0	1
squad	squad/vehicle/hull/armour/front	leaf	81	81	0	1
squad	squad/vehicle/hull/armour/lower_front	leaf	518	518	0	1
squad	squad/vehicle/hull/armour/lower_rear	leaf	275	275	0	1
squad	squad/vehicle/hull/armour/lower_side	leaf	93	93	0	1
squad	squad/vehicle/hull/armour/rear	leaf	324	324	0	1
squad	squad/vehicle/hull/armour/side	leaf	506	506	0	1
squad	squad/vehicle/hull/armour/side_spaced	leaf	17	17	0	1
squad	squad/vehicle/hull/armour/top	leaf	599	599	0	1
squad	squad/vehicle/hull/armour/upper_front	leaf	518	518	0	1
squad	squad/vehicle/hull/armour/upper_rear	leaf	275	275	0	1
squad	squad/vehicle/hull/armour/upper_side	leaf	93	93	0	1
squad	squad/vehicle/hull/height	leaf	599	599	0	1
squad	squad/vehicle/hull/image_view	leaf	599	599	0	1
squad	squad/vehicle/hull/length	leaf	599	599	0	1
squad	squad/vehicle/hull/man	branch	737	0	737	5
squad	squad/vehicle/hull/man/ammo	branch	735	0	735	1
squad	squad/vehicle/hull/man/ammo/for	leaf	735	735	0	1
squad	squad/vehicle/hull/man/ammo/rounds	leaf	735	735	0	1
squad	squad/vehicle/hull/man/job	leaf	737	737	0	1
squad	squad/vehicle/hull/man/weapon	branch	735	0	735	1
squad	squad/vehicle/hull/man/weapon/type	leaf	735	735	0	1
squad	squad/vehicle/hull/smoke_discharger	branch	31	0	31	2
squad	squad/vehicle/hull/smoke_discharger/ammo	leaf	31	31	0	1
squad	squad/vehicle/hull/smoke_discharger/angle	leaf	31	31	0	1
squad	squad/vehicle/hull/smoke_discharger/elevation	leaf	31	31	0	1
squad	squad/vehicle/hull/smoke_discharger/offsetX	leaf	31	31	0	1
squad	squad/vehicle/hull/smoke_discharger/offsetY	leaf	31	31	0	1
squad	squad/vehicle/hull/smoke_discharger/reload	leaf	31	31	0	1
squad	squad/vehicle/hull/smoke_discharger/speed	leaf	31	31	0	1
squad	squad/vehicle/hull/width	leaf	599	599	0	1
squad	squad/vehicle/superstructure	branch	555	0	555	2
squad	squad/vehicle/superstructure/armour	branch	555	0	555	1
squad	squad/vehicle/superstructure/armour/front	leaf	511	511	0	1
squad	squad/vehicle/superstructure/armour/lower_front	leaf	44	44	0	1
squad	squad/vehicle/superstructure/armour/lower_rear	leaf	54	54	0	1
squad	squad/vehicle/superstructure/armour/lower_side	leaf	14	14	0	1
squad	squad/vehicle/superstructure/armour/rear	leaf	501	501	0	1
squad	squad/vehicle/superstructure/armour/side	leaf	541	541	0	1
squad	squad/vehicle/superstructure/armour/side_spaced	leaf	11	11	0	1
squad	squad/vehicle/superstructure/armour/top	leaf	555	555	0	1
squad	squad/vehicle/superstructure/armour/upper_front	leaf	44	44	0	1
squad	squad/vehicle/superstructure/armour/upper_rear	leaf	54	54	0	1
squad	squad/vehicle/superstructure/armour/upper_side	leaf	14	14	0	1
squad	squad/vehicle/superstructure/height	leaf	555	555	0	1
squad	squad/vehicle/superstructure/length	leaf	555	555	0	1
squad	squad/vehicle/superstructure/offsetX	leaf	555	555	0	1
squad	squad/vehicle/superstructure/offsetY	leaf	555	555	0	1
squad	squad/vehicle/superstructure/smoke_discharger	branch	31	0	31	6
squad	squad/vehicle/superstructure/smoke_discharger/ammo	leaf	31	31	0	1
squad	squad/vehicle/superstructure/smoke_discharger/angle	leaf	15	15	0	1
squad	squad/vehicle/superstructure/smoke_discharger/elevation	leaf	31	31	0	1
squad	squad/vehicle/superstructure/smoke_discharger/offsetX	leaf	31	31	0	1
squad	squad/vehicle/superstructure/smoke_discharger/offsetY	leaf	31	31	0	1
squad	squad/vehicle/superstructure/smoke_discharger/reload	leaf	31	31	0	1
squad	squad/vehicle/superstructure/smoke_discharger/speed	leaf	31	31	0	1
squad	squad/vehicle/superstructure/width	leaf	555	555	0	1
squad	squad/vehicle/turret	branch	467	0	467	5
squad	squad/vehicle/turret/AA	leaf	17	17	0	1
squad	squad/vehicle/turret/ammo	branch	1411	0	1411	6
squad	squad/vehicle/turret/ammo/flavour	leaf	958	958	0	1
squad	squad/vehicle/turret/ammo/for	leaf	1411	1411	0	1
squad	squad/vehicle/turret/ammo/rounds	leaf	1411	1411	0	1
squad	squad/vehicle/turret/armour	branch	467	0	467	1
squad	squad/vehicle/turret/armour/front	leaf	434	434	0	1
squad	squad/vehicle/turret/armour/lower_front	leaf	33	33	0	1
squad	squad/vehicle/turret/armour/lower_rear	leaf	34	34	0	1
squad	squad/vehicle/turret/armour/lower_side	leaf	16	16	0	1
squad	squad/vehicle/turret/armour/mantlet	leaf	467	467	0	1
squad	squad/vehicle/turret/armour/rear	leaf	433	433	0	1
squad	squad/vehicle/turret/armour/rear_spaced	leaf	8	8	0	1
squad	squad/vehicle/turret/armour/side	leaf	451	451	0	1
squad	squad/vehicle/turret/armour/side_spaced	leaf	9	9	0	1
squad	squad/vehicle/turret/armour/top	leaf	467	467	0	1
squad	squad/vehicle/turret/armour/upper_front	leaf	33	33	0	1
squad	squad/vehicle/turret/armour/upper_rear	leaf	34	34	0	1
squad	squad/vehicle/turret/armour/upper_side	leaf	16	16	0	1
squad	squad/vehicle/turret/diameter	leaf	467	467	0	1
squad	squad/vehicle/turret/height	leaf	467	467	0	1
squad	squad/vehicle/turret/image_view	leaf	467	467	0	1
squad	squad/vehicle/turret/man	branch	1065	0	1065	5
squad	squad/vehicle/turret/man/ammo	branch	1068	0	1068	2
squad	squad/vehicle/turret/man/ammo/for	leaf	1068	1068	0	1
squad	squad/vehicle/turret/man/ammo/rounds	leaf	1068	1068	0	1
squad	squad/vehicle/turret/man/job	leaf	1065	1065	0	1
squad	squad/vehicle/turret/man/weapon	branch	1063	0	1063	1
squad	squad/vehicle/turret/man/weapon/type	leaf	1063	1063	0	1
squad	squad/vehicle/turret/offsetX	leaf	467	467	0	1
squad	squad/vehicle/turret/offsetY	leaf	467	467	0	1
squad	squad/vehicle/turret/offset_angle	leaf	2	2	0	1
squad	squad/vehicle/turret/rotate_left	leaf	28	28	0	1
squad	squad/vehicle/turret/rotate_right	leaf	28	28	0	1
squad	squad/vehicle/turret/rotate_time	leaf	467	467	0	1
squad	squad/vehicle/turret/smoke_discharger	branch	158	0	158	6
squad	squad/vehicle/turret/smoke_discharger/ammo	leaf	158	158	0	1
squad	squad/vehicle/turret/smoke_discharger/angle	leaf	135	135	0	1
squad	squad/vehicle/turret/smoke_discharger/elevation	leaf	158	158	0	1
squad	squad/vehicle/turret/smoke_discharger/offsetX	leaf	158	158	0	1
squad	squad/vehicle/turret/smoke_discharger/offsetY	leaf	158	158	0	1
squad	squad/vehicle/turret/smoke_discharger/reload	leaf	158	158	0	1
squad	squad/vehicle/turret/smoke_discharger/speed	leaf	158	158	0	1
squad	squad/vehicle/turret/weapon	branch	855	0	855	3
squad	squad/vehicle/turret/weapon/mount	leaf	2	2	0	1
squad	squad/vehicle/turret/weapon/offsetX	leaf	669	669	0	1
squad	squad/vehicle/turret/weapon/offsetY	leaf	675	675	0	1
squad	squad/vehicle/turret/weapon/offset_angle	leaf	38	38	0	1
squad	squad/vehicle/turret/weapon/type	leaf	855	855	0	1
weapon	weapon	branch	716	0	716	1
weapon	weapon/ammo	branch	716	0	716	1
weapon	weapon/ammo/type	branch	1487	0	1487	7
weapon	weapon/ammo/type/HE	leaf	583	583	0	1
weapon	weapon/ammo/type/era	leaf	91	91	0	1
weapon	weapon/ammo/type/explode_in	leaf	26	26	0	1
weapon	weapon/ammo/type/flavour	leaf	1487	1487	0	1
weapon	weapon/ammo/type/guided	leaf	7	7	0	1
weapon	weapon/ammo/type/mass	leaf	1487	1487	0	1
weapon	weapon/ammo/type/name	leaf	1487	1487	0	1
weapon	weapon/ammo/type/smoke_trail	leaf	56	56	0	1
weapon	weapon/ammo/type/speed	leaf	1451	1451	0	1
weapon	weapon/comments	leaf	16	16	0	1
weapon	weapon/dimensions	mixed	703	33	670	1
weapon	weapon/dimensions/barrel_length	leaf	670	670	0	1
weapon	weapon/dimensions/calibre	leaf	670	670	0	1
weapon	weapon/dimensions/number_barrels	leaf	15	15	0	1
weapon	weapon/magazine	branch	369	0	369	1
weapon	weapon/magazine/capacity	leaf	338	338	0	1
weapon	weapon/magazine/single_shot	leaf	27	27	0	1
weapon	weapon/magazine/sound_eject_clip	leaf	1	1	0	1
weapon	weapon/magazine/sound_reload	leaf	285	285	0	1
weapon	weapon/name	leaf	716	716	0	1
weapon	weapon/shoot	branch	706	0	706	1
weapon	weapon/shoot/muzzle_flash	leaf	102	102	0	1
weapon	weapon/shoot/range	leaf	44	44	0	1
weapon	weapon/shoot/reload	leaf	307	307	0	1
weapon	weapon/shoot/rof	leaf	633	633	0	1
weapon	weapon/shoot/sound_shoot	leaf	668	668	0	1
weapon	weapon/type	leaf	716	716	0	1
weapon	weapon/usage	branch	716	0	716	1
weapon	weapon/usage/countries	leaf	716	716	0	1
weapon	weapon/usage/period	leaf	232	232	0	1
