root	tag	occurrences	files
aircraft	aircraft	59	59
aircraft	ammo	141	141
aircraft	armament	59	59
aircraft	availability	59	59
aircraft	comment	59	59
aircraft	data	119	119
aircraft	description	59	59
aircraft	flavour	24	24
aircraft	for	141	141
aircraft	image	59	59
aircraft	long_name	59	59
aircraft	month	119	119
aircraft	nationality	59	59
aircraft	number	119	119
aircraft	offsetX	297	297
aircraft	offsetY	241	241
aircraft	rounds	141	141
aircraft	short_name	59	59
aircraft	sound	59	59
aircraft	speed	59	59
aircraft	type	563	563
aircraft	weapon	504	504
aircraft	year	119	119
squad	AA	42	42
squad	ammo	10485	10485
squad	angle	333	333
squad	armour	1621	1621
squad	atgun	111	111
squad	attributes	599	599
squad	availability	1017	1017
squad	body_armour	32	32
squad	bottom	599	599
squad	can_make_smoke_screen	10	10
squad	can_mount_infantry	27	27
squad	comment	1017	1017
squad	data	2726	2726
squad	description	1017	1017
squad	diameter	467	467
squad	drive	599	599
squad	elevation	220	220
squad	engine	599	599
squad	exhaust_pipe	928	928
squad	fixed_weapon	480	480
squad	flavour	1607	1607
squad	for	10265	10265
squad	forwards	599	599
squad	front	1026	1026
squad	gears	599	599
squad	height	1621	1621
squad	hmg	38	38
squad	horsepower	599	599
squad	hull	599	599
squad	image_profile	791	791
squad	image_view	1272	1272
squad	image_view_base	192	192
squad	image_view_gun	150	150
squad	is_amphibious	14	14
squad	job	3124	3124
squad	language	2	2
squad	length	1154	1154
squad	long_name	1017	1017
squad	lower_front	595	595
squad	lower_rear	363	363
squad	lower_side	123	123
squad	man	5074	5074
squad	mantlet	467	467
squad	mass	111	111
squad	month	2726	2726
squad	mortar	42	42
squad	mount	349	349
squad	moveable	11	11
squad	name	599	599
squad	nationality	1017	1017
squad	number	2726	2726
squad	offsetX	3319	3319
squad	offsetY	3325	3325
squad	offsetZ	480	480
squad	offset_angle	76	76
squad	quality	418	418
squad	rear	1258	1258
squad	rear_spaced	8	8
squad	recoilless_rifle	1	1
squad	reliability	599	599
squad	reload	220	220
squad	reverse	599	599
squad	rotate_left	680	680
squad	rotate_right	680	680
squad	rotate_time	947	947
squad	rounds	10265	10265
squad	rpm_idle	599	599
squad	rpm_limit	599	599
squad	short_name	1017	1017
squad	side	1498	1498
squad	side_spaced	37	37
squad	smoke_discharger	220	220
squad	speed	220	220
squad	squad	1017	1017
squad	steering	599	599
squad	superstructure	555	555
squad	top	1621	1621
squad	trail_length	111	111
squad	turret	467	467
squad	type	9563	9563
squad	uniform	1017	1017
squad	uniform_ranks	28	28
squad	upper_front	595	595
squad	upper_rear	363	363
squad	upper_side	123	123
squad	vehicle	599	599
squad	vertical_angle	56	56
squad	weapon	8546	8546
squad	weight	599	599
squad	width	1154	1154
squad	year	2726	2726
weapon	HE	583	583
weapon	ammo	716	716
weapon	barrel_length	670	670
weapon	calibre	670	670
weapon	capacity	338	338
weapon	comments	16	16
weapon	countries	716	716
weapon	dimensions	703	703
weapon	era	91	91
weapon	explode_in	26	26
weapon	flavour	1487	1487
weapon	guided	7	7
weapon	magazine	369	369
weapon	mass	1487	1487
weapon	muzzle_flash	102	102
weapon	name	2203	2203
weapon	number_barrels	15	15
weapon	period	232	232
weapon	range	44	44
weapon	reload	307	307
weapon	rof	633	633
weapon	shoot	706	706
weapon	single_shot	27	27
weapon	smoke_trail	56	56
weapon	sound_eject_clip	1	1
weapon	sound_reload	285	285
weapon	sound_shoot	668	668
weapon	speed	1451	1451
weapon	type	2203	2203
weapon	usage	716	716
weapon	weapon	716	716
